MODULE,EFFECT,PVAL,ADJP,NETWORK
MEblue,1.568097348,0.118407654,0.118407654,main_pvalue
MEbrown,-2.677506117,0.008078578,0.024235733,main_pvalue
MEgreen,2.774213841,0.006196641,0.024235733,main_pvalue
MEred,2.802566357,0.005618106,0.024235733,main_pvalue
MEturquoise,-3.804818393,0.000196359,0.001178155,main_pvalue
MEyellow,-1.651202652,0.100022099,0.118407654,main_pvalue
MEblue,-3.936127815,0.000120321,0.000240643,QTL_pvalue
MEturquoise,3.596167779,0.000427686,0.000427686,QTL_pvalue